{"cameraMode":{"drawMode":0,"name":"Shaded","section":"Shading Mode"},"sceneLighting":true,"audioPlay":false,"sceneViewState":{"showFog":true,"showMaterialUpdate":false,"showSkybox":true,"showFlares":true,"showImageEffects":true,"showParticleSystems":true},"in2DMode":false,"pivot":{"x":-1.0051485300064088,"y":3.451899766921997,"z":-10.698335647583008},"rotation":{"x":-0.007194989360868931,"y":-0.992253303527832,"z":0.06947018951177597,"w":-0.10277017205953598},"size":7.616060733795166,"orthographic":false}